tier,case,dataset,algo,run,local_dir,id,role,strat5,proxy_acc,params,flops,cuda_time,active_ops,val_acc_screen
A,C1_triobj,cifar10,moqnas,exp22_repeat_1,moqnas/experiment_cifar10_moqnas_v2/exp22_repeat_1,130_14,A,True,77.3,1714474,2235322368,667.5,9,93.60
A,C1_triobj,cifar10,moqnas,exp22_repeat_1,moqnas/experiment_cifar10_moqnas_v2/exp22_repeat_1,98_1,K+B0.5+B1+B1.5,True,73.5,254794,210118656,8972.2,10,90.12
A,C1_triobj,cifar10,moqnas,exp22_repeat_1,moqnas/experiment_cifar10_moqnas_v2/exp22_repeat_1,141_2,C,False,71.9,253770,173363200,9254.0,10,89.48
A,C1_triobj,cifar10,moqnas,exp22_repeat_1,moqnas/experiment_cifar10_moqnas_v2/exp22_repeat_1,11_2,B0.25+C~,True,71.8,190186,249470976,14172.6,9,88.46
A,C1_triobj,cifar10,moqnas,exp22_repeat_2,moqnas/experiment_cifar10_moqnas_v2/exp22_repeat_2,66_5,A+B1+B1.5,True,77.4,916106,1798571264,861.0,14,92.68
A,C1_triobj,cifar10,moqnas,exp22_repeat_2,moqnas/experiment_cifar10_moqnas_v2/exp22_repeat_2,53_15,K+C+B0.25,False,71.3,222826,443295744,673.5,9,88.58
A,C1_triobj,cifar10,moqnas,exp22_repeat_2,moqnas/experiment_cifar10_moqnas_v2/exp22_repeat_2,116_19,B0.5,False,73.1,372682,391910400,6166.6,11,90.28
A,C1_triobj,cifar10,moqnas,exp22_repeat_2,moqnas/experiment_cifar10_moqnas_v2/exp22_repeat_2,139_15,K~,True,72.8,257098,443028480,6444.1,12,89.60
A,C1_triobj,cifar10,moqnas,exp22_repeat_2,moqnas/experiment_cifar10_moqnas_v2/exp22_repeat_2,46_12,B0.5~,False,74.3,275466,249102976,6280.5,13,90.06
A,C1_triobj,cifar10,moqnas,exp22_repeat_3,moqnas/experiment_cifar10_moqnas_v2/exp22_repeat_3,79_19,A+B1+B1.5,True,78.8,893514,1314260224,614.4,11,92.26
A,C1_triobj,cifar10,moqnas,exp22_repeat_3,moqnas/experiment_cifar10_moqnas_v2/exp22_repeat_3,86_16,K+C~,True,72.9,136554,201852160,3765.7,10,86.98
A,C1_triobj,cifar10,moqnas,exp22_repeat_3,moqnas/experiment_cifar10_moqnas_v2/exp22_repeat_3,143_6,C+B0.25+K~,False,70.3,216074,397844480,3179.1,7,88.10
A,C1_triobj,cifar10,moqnas,exp22_repeat_3,moqnas/experiment_cifar10_moqnas_v2/exp22_repeat_3,127_14,B0.5,True,75.6,318090,362154496,12989.7,10,91.28
A,C1_triobj,cifar10,nsga2,exp4_repeat_1,nsga/experiment_cifar10_nsga2/exp4_repeat_1,144_0,A+B1.5,False,78.5,1493802,1888371328,23421.3,17,95.24
A,C1_triobj,cifar10,nsga2,exp4_repeat_1,nsga/experiment_cifar10_nsga2/exp4_repeat_1,25_9,K+C,True,70.8,516426,880216576,13594.4,18,92.44
A,C1_triobj,cifar10,nsga2,exp4_repeat_1,nsga/experiment_cifar10_nsga2/exp4_repeat_1,144_17,B0.25,True,62.2,75402,32425216,36992.0,17,83.48
A,C1_triobj,cifar10,nsga2,exp4_repeat_1,nsga/experiment_cifar10_nsga2/exp4_repeat_1,133_11,B0.5,False,66.4,276554,42883712,34601.9,18,88.56
A,C1_triobj,cifar10,nsga2,exp4_repeat_1,nsga/experiment_cifar10_nsga2/exp4_repeat_1,59_7,B1,True,75.9,914122,1303642752,32136.2,19,93.78
A,C1_triobj,cifar10,nsga2,exp4_repeat_1,nsga/experiment_cifar10_nsga2/exp4_repeat_1,82_0,A~,True,80.5,3148554,3856012288,16161.3,20,95.16
A,C1_triobj,cifar10,nsga2,exp4_repeat_2,nsga/experiment_cifar10_nsga2/exp4_repeat_2,103_12,A,True,81.3,2146922,3219854336,25900.0,17,95.02
A,C1_triobj,cifar10,nsga2,exp4_repeat_2,nsga/experiment_cifar10_nsga2/exp4_repeat_2,90_9,K+B0.5,True,77.7,384298,242681088,28562.3,18,92.62
A,C1_triobj,cifar10,nsga2,exp4_repeat_2,nsga/experiment_cifar10_nsga2/exp4_repeat_2,38_19,C,False,72.7,351338,443745536,28869.1,17,91.24
A,C1_triobj,cifar10,nsga2,exp4_repeat_2,nsga/experiment_cifar10_nsga2/exp4_repeat_2,13_18,B0.25,False,65.4,182186,123913472,23978.1,17,87.12
A,C1_triobj,cifar10,nsga2,exp4_repeat_2,nsga/experiment_cifar10_nsga2/exp4_repeat_2,16_8,B1,False,72.4,808266,871302400,15944.8,19,93.76
A,C1_triobj,cifar10,nsga2,exp4_repeat_2,nsga/experiment_cifar10_nsga2/exp4_repeat_2,1_7,B1.5,False,69.4,1225898,1758875648,1309.4,18,94.50
A,C1_triobj,cifar10,nsga2,exp4_repeat_2,nsga/experiment_cifar10_nsga2/exp4_repeat_2,75_15,A~,False,80.0,1591370,2533295360,15238.8,17,94.76
A,C1_triobj,cifar10,nsga2,exp4_repeat_3,nsga/experiment_cifar10_nsga2/exp4_repeat_3,113_1,A,True,81.2,2728074,2438726272,58042.0,15,94.86
A,C1_triobj,cifar10,nsga2,exp4_repeat_3,nsga/experiment_cifar10_nsga2/exp4_repeat_3,1_4,K+B0.5+C~,False,63.5,469610,638296064,6388.7,18,91.96
A,C1_triobj,cifar10,nsga2,exp4_repeat_3,nsga/experiment_cifar10_nsga2/exp4_repeat_3,42_5,C+B0.25,True,70.7,177002,153813632,21434.0,16,90.02
A,C1_triobj,cifar10,nsga2,exp4_repeat_3,nsga/experiment_cifar10_nsga2/exp4_repeat_3,137_1,B1+B1.5,True,76.8,807594,1594493440,40744.9,17,93.32
A,C1_triobj,cifar10,nsga2,exp4_repeat_3,nsga/experiment_cifar10_nsga2/exp4_repeat_3,69_16,B1~+B1.5~,False,74.9,858602,1573670912,17136.3,15,93.12
A,C1_triobj,cifar10,nsga3,exp1_repeat_1,nsga/experiment_cifar10_nsga3/exp1_repeat_1,116_19,A+B1+B1.5,True,79.7,609738,981467776,15014.5,17,93.02
A,C1_triobj,cifar10,nsga3,exp1_repeat_1,nsga/experiment_cifar10_nsga3/exp1_repeat_1,140_4,K,True,75.7,153322,166078464,26958.3,10,89.42
A,C1_triobj,cifar10,nsga3,exp1_repeat_1,nsga/experiment_cifar10_nsga3/exp1_repeat_1,135_11,C,True,75.2,149482,166070784,23315.7,11,88.72
A,C1_triobj,cifar10,nsga3,exp1_repeat_1,nsga/experiment_cifar10_nsga3/exp1_repeat_1,76_16,B0.25,False,65.3,229930,78580224,891.4,13,90.98
A,C1_triobj,cifar10,nsga3,exp1_repeat_1,nsga/experiment_cifar10_nsga3/exp1_repeat_1,23_14,B0.5,False,73.8,334122,346040320,2261.1,14,92.10
A,C1_triobj,cifar10,nsga3,exp1_repeat_1,nsga/experiment_cifar10_nsga3/exp1_repeat_1,122_19,C~,False,69.3,132234,98697856,7914.5,13,87.90
A,C1_triobj,cifar10,nsga3,exp1_repeat_2,nsga/experiment_cifar10_nsga3/exp1_repeat_2,90_3,A+B1+B1.5,True,78.1,977674,1549337856,24827.6,17,93.60
A,C1_triobj,cifar10,nsga3,exp1_repeat_2,nsga/experiment_cifar10_nsga3/exp1_repeat_2,118_8,K+B0.25+C~,False,74.3,183434,242092544,15761.4,11,90.06
A,C1_triobj,cifar10,nsga3,exp1_repeat_2,nsga/experiment_cifar10_nsga3/exp1_repeat_2,109_10,C,False,73.8,150346,237142656,15764.1,13,88.62
A,C1_triobj,cifar10,nsga3,exp1_repeat_2,nsga/experiment_cifar10_nsga3/exp1_repeat_2,148_7,B0.5,False,77.4,273194,395053568,19343.2,10,90.88
A,C1_triobj,cifar10,nsga3,exp1_repeat_3,nsga/experiment_cifar10_nsga3/exp1_repeat_3,45_0,A+B1.5,True,80.0,1267690,2222981760,15444.4,15,93.14
A,C1_triobj,cifar10,nsga3,exp1_repeat_3,nsga/experiment_cifar10_nsga3/exp1_repeat_3,132_13,K+C+B0.25,False,74.1,198378,360711424,11836.9,14,90.24
A,C1_triobj,cifar10,nsga3,exp1_repeat_3,nsga/experiment_cifar10_nsga3/exp1_repeat_3,131_18,B0.5+B1,False,76.5,415914,271714816,12097.4,12,92.50
A,C1_triobj,cifar10,nsga3,exp1_repeat_3,nsga/experiment_cifar10_nsga3/exp1_repeat_3,109_10,K~,True,76.9,295306,139428480,23434.3,16,91.94
A,C1_triobj,cifar10,nsga3,exp1_repeat_3,nsga/experiment_cifar10_nsga3/exp1_repeat_3,130_4,C~,True,73.6,92842,86639232,19313.5,16,87.92
