case,dataset,algo,run,rule,id,val_acc,complexity,runner_up,gap,within_noise,stability,noise_alt,noise_alt_freq,alt_confirmed,alt_C_3_pp,alt_C_7_pp,alt_K_log,alt_plus_Time_CUDA
C2_medmnist,pathmnist,moqnas,exp1_repeat_1,A,103_17,99.55,1553449,148_18,1.519,False,0.998,148_18,0.002,False,103_17,103_17,103_17,103_17
C2_medmnist,pathmnist,moqnas,exp1_repeat_1,K,148_18,98.03,59433,14_1,0.024,False,0.572,14_1,0.428,True,148_18,148_18,14_1,14_1
C2_medmnist,pathmnist,moqnas,exp1_repeat_1,C,14_1,97.89,20649,148_18,3.341,False,0.804,82_0,0.196,False,14_1,82_0,14_1,14_1
C2_medmnist,pathmnist,moqnas,exp1_repeat_2,A,75_10,99.38,962313,144_9,0.800,False,0.948,144_9,0.036,False,75_10,75_10,75_10,75_10
C2_medmnist,pathmnist,moqnas,exp1_repeat_2,K,144_9,98.58,64009,130_19,0.098,False,0.730,130_19,0.210,False,144_9,144_9,130_19,45_6
C2_medmnist,pathmnist,moqnas,exp1_repeat_2,C,60_15,94.58,6025,130_19,0.202,True,0.610,130_19,0.390,True,130_19,60_15,60_15,60_15
C2_medmnist,pathmnist,moqnas,exp1_repeat_3,A,24_15,99.37,522857,139_12,0.160,True,0.560,139_12,0.308,True,24_15,24_15,24_15,24_15
C2_medmnist,pathmnist,moqnas,exp1_repeat_3,K,133_12,99.01,86217,139_12,0.133,False,0.794,144_13,0.128,False,133_12,133_12,133_12,139_12
C2_medmnist,pathmnist,moqnas,exp1_repeat_3,C,104_13,96.77,10633,144_13,2.401,False,1.000,,0.000,False,104_13,104_13,104_13,104_13
C2_medmnist,pathmnist,nsga2,exp1_repeat_1,A,102_19,99.49,1203753,109_16,1.719,False,1.000,,0.000,False,102_19,102_19,102_19,102_19
C2_medmnist,pathmnist,nsga2,exp1_repeat_1,K,109_16,97.77,18761,76_6,0.168,False,0.650,16_12,0.330,True,109_16,109_16,109_16,16_12
C2_medmnist,pathmnist,nsga2,exp1_repeat_1,C,76_6,96.83,14569,109_16,2.341,False,0.882,78_18,0.118,False,76_6,78_18,76_6,76_6
C2_medmnist,pathmnist,nsga2,exp1_repeat_2,A,148_19,99.46,1201801,109_5,0.920,False,0.966,109_5,0.020,False,148_19,148_19,148_19,148_19
C2_medmnist,pathmnist,nsga2,exp1_repeat_2,K,109_5,98.54,120073,105_18,0.067,False,0.570,105_18,0.422,True,109_5,109_5,105_18,105_18
C2_medmnist,pathmnist,nsga2,exp1_repeat_2,C,148_16,97.32,21609,105_18,2.861,False,1.000,,0.000,False,148_16,148_16,148_16,148_16
C2_medmnist,pathmnist,nsga2,exp1_repeat_3,A,147_18,99.37,2105417,139_16,0.160,True,0.656,139_16,0.344,True,147_18,147_18,147_18,147_18
C2_medmnist,pathmnist,nsga2,exp1_repeat_3,K,139_16,99.21,177769,138_14,0.203,False,0.646,144_8,0.178,True,139_16,139_16,139_16,138_14
C2_medmnist,pathmnist,nsga2,exp1_repeat_3,C,144_8,96.10,95945,138_14,1.731,False,0.714,135_4,0.286,False,138_14,135_4,144_8,144_8
C2_medmnist,pathmnist,nsga3,exp1_repeat_1,A,133_1,98.94,135049,93_2,0.170,True,0.414,119_11,0.348,True,133_1,133_1,133_1,133_1
C2_medmnist,pathmnist,nsga3,exp1_repeat_1,K,145_5,98.21,46761,93_2,0.436,False,0.706,93_2,0.166,False,145_5,145_5,145_5,133_1
C2_medmnist,pathmnist,nsga3,exp1_repeat_1,C,131_8,97.10,30345,145_5,3.161,False,1.000,,0.000,False,131_8,131_8,131_8,131_8
C2_medmnist,pathmnist,nsga3,exp1_repeat_2,A,149_3,99.29,444329,120_10,0.380,False,0.700,120_10,0.176,False,149_3,149_3,149_3,149_3
C2_medmnist,pathmnist,nsga3,exp1_repeat_2,K,120_10,98.91,43305,90_11,0.045,False,0.300,90_11,0.542,True,120_10,120_10,90_11,120_10
C2_medmnist,pathmnist,nsga3,exp1_repeat_2,C,95_8,95.47,24073,90_11,1.182,False,0.990,90_11,0.010,False,90_11,95_8,95_8,95_8
C2_medmnist,pathmnist,nsga3,exp1_repeat_3,A,131_19,99.24,570569,127_9,0.190,True,0.614,127_9,0.292,True,131_19,131_19,131_19,131_19
C2_medmnist,pathmnist,nsga3,exp1_repeat_3,K,142_10,98.60,39433,147_8,0.059,False,0.766,147_8,0.170,False,142_10,142_10,142_10,147_8
C2_medmnist,pathmnist,nsga3,exp1_repeat_3,C,134_11,96.38,25673,142_10,2.141,False,1.000,,0.000,False,134_11,134_11,134_11,134_11
C2_medmnist,octmnist,moqnas,exp1_repeat_1,A,136_15,94.85,711300,48_15,1.117,False,0.990,48_15,0.008,False,136_15,136_15,136_15,136_15
C2_medmnist,octmnist,moqnas,exp1_repeat_1,K,48_15,93.73,116644,12_17,0.028,False,0.482,12_17,0.386,True,48_15,48_15,12_17,48_15
C2_medmnist,octmnist,moqnas,exp1_repeat_1,C,75_0,90.34,32132,12_17,0.495,False,0.820,12_17,0.180,False,12_17,75_0,75_0,75_0
C2_medmnist,octmnist,moqnas,exp1_repeat_2,A,22_17,94.77,587684,90_4,0.443,False,0.832,90_4,0.168,False,22_17,22_17,22_17,22_17
C2_medmnist,octmnist,moqnas,exp1_repeat_2,K,90_4,94.33,208324,135_12,0.062,False,0.398,69_12,0.312,True,90_4,90_4,69_12,90_4
C2_medmnist,octmnist,moqnas,exp1_repeat_2,C,118_4,91.33,29444,69_12,1.556,False,1.000,,0.000,False,69_12,118_4,118_4,118_4
C2_medmnist,octmnist,moqnas,exp1_repeat_3,A,19_0,94.77,697156,121_1,0.692,False,0.926,121_1,0.072,False,19_0,19_0,19_0,19_0
C2_medmnist,octmnist,moqnas,exp1_repeat_3,K,121_1,94.08,106916,35_13,0.101,False,0.760,35_13,0.240,False,121_1,121_1,35_13,121_1
C2_medmnist,octmnist,moqnas,exp1_repeat_3,C,29_3,90.21,26788,35_13,0.439,False,0.790,35_13,0.210,False,35_13,29_3,29_3,29_3
C2_medmnist,octmnist,nsga2,exp1_repeat_1,A,145_7,94.55,782756,47_15,0.194,True,0.504,47_15,0.230,True,145_7,145_7,145_7,145_7
C2_medmnist,octmnist,nsga2,exp1_repeat_1,K,32_7,94.13,130852,47_15,0.066,False,0.818,47_15,0.168,False,32_7,32_7,32_7,47_15
C2_medmnist,octmnist,nsga2,exp1_repeat_1,C,66_0,92.57,54596,32_7,3.015,False,1.000,,0.000,False,66_0,66_0,66_0,66_0
C2_medmnist,octmnist,nsga2,exp1_repeat_2,A,106_10,94.92,1617668,113_13,0.452,False,0.748,113_13,0.140,False,106_10,106_10,106_10,106_10
C2_medmnist,octmnist,nsga2,exp1_repeat_2,K,131_18,94.41,191812,113_13,0.023,False,0.722,113_13,0.210,False,131_18,131_18,131_18,131_18
C2_medmnist,octmnist,nsga2,exp1_repeat_2,C,109_16,91.61,45764,131_18,1.686,False,1.000,,0.000,False,131_18,109_16,109_16,109_16
C2_medmnist,octmnist,nsga2,exp1_repeat_3,A,148_6,94.69,2191076,8_16,0.619,False,0.840,8_16,0.092,False,148_6,148_6,148_6,148_6
C2_medmnist,octmnist,nsga2,exp1_repeat_3,K,8_16,94.07,215620,12_14,0.016,False,0.382,12_14,0.408,True,8_16,8_16,12_14,63_17
C2_medmnist,octmnist,nsga2,exp1_repeat_3,C,138_12,91.89,49188,63_17,2.194,False,1.000,,0.000,False,138_12,138_12,138_12,138_12
C2_medmnist,octmnist,nsga3,exp1_repeat_1,A,128_12,94.71,1916964,146_18,1.071,False,0.990,146_18,0.010,False,128_12,128_12,128_12,128_12
C2_medmnist,octmnist,nsga3,exp1_repeat_1,K,146_18,93.64,95748,94_13,0.080,False,0.626,94_13,0.272,True,146_18,146_18,146_18,94_13
C2_medmnist,octmnist,nsga3,exp1_repeat_1,C,130_12,91.38,36420,146_3,1.667,False,1.000,,0.000,False,146_3,130_12,130_12,130_12
C2_medmnist,octmnist,nsga3,exp1_repeat_2,A,131_15,94.69,493124,140_3,1.283,False,0.996,140_3,0.004,False,131_15,131_15,131_15,131_15
C2_medmnist,octmnist,nsga3,exp1_repeat_2,K,140_3,93.41,118916,107_1,0.042,False,0.388,74_18,0.322,True,140_3,140_3,74_18,140_3
C2_medmnist,octmnist,nsga3,exp1_repeat_2,C,140_16,92.37,47876,74_18,2.674,False,1.000,,0.000,False,140_16,140_16,140_16,140_16
C2_medmnist,octmnist,nsga3,exp1_repeat_3,A,95_7,94.50,1637668,115_1,0.258,True,0.644,115_1,0.260,True,95_7,95_7,95_7,95_7
C2_medmnist,octmnist,nsga3,exp1_repeat_3,K,115_1,94.24,183332,146_7,0.172,False,0.446,146_7,0.348,True,115_1,115_1,115_1,115_1
C2_medmnist,octmnist,nsga3,exp1_repeat_3,C,67_10,93.31,70244,143_7,3.809,False,1.000,,0.000,False,67_10,67_10,67_10,67_10
C2_medmnist,tissuemnist,moqnas,exp1_repeat_1,A,14_2,69.26,519944,117_11,2.212,False,1.000,,0.000,False,14_2,14_2,14_2,14_2
C2_medmnist,tissuemnist,moqnas,exp1_repeat_1,K,117_11,67.05,114120,5_14,0.230,False,1.000,,0.000,False,117_11,117_11,117_11,119_15
C2_medmnist,tissuemnist,moqnas,exp1_repeat_1,C,5_14,64.37,63016,117_11,0.102,True,0.622,117_11,0.378,True,117_11,5_14,5_14,5_14
C2_medmnist,tissuemnist,moqnas,exp1_repeat_2,A,139_2,67.83,229736,147_15,0.846,False,0.740,100_16,0.228,False,139_2,139_2,139_2,139_2
C2_medmnist,tissuemnist,moqnas,exp1_repeat_2,K,147_15,66.99,65096,139_2,0.665,False,0.894,139_2,0.106,False,147_15,147_15,147_15,120_11
C2_medmnist,tissuemnist,moqnas,exp1_repeat_2,C,121_4,64.95,33256,147_15,2.119,False,1.000,,0.000,False,121_4,121_4,121_4,121_4
C2_medmnist,tissuemnist,moqnas,exp1_repeat_3,A,139_5,68.96,1306280,61_3,1.895,False,1.000,,0.000,False,139_5,139_5,139_5,139_5
C2_medmnist,tissuemnist,moqnas,exp1_repeat_3,K,61_3,67.06,241512,112_3,0.199,False,0.970,112_3,0.030,False,61_3,61_3,61_3,61_3
C2_medmnist,tissuemnist,moqnas,exp1_repeat_3,C,137_7,64.21,11688,112_3,0.250,True,0.656,112_3,0.344,True,112_3,137_7,137_7,137_7
C2_medmnist,tissuemnist,nsga2,exp1_repeat_1,A,136_1,68.96,1647560,21_5,0.321,True,0.722,21_5,0.232,False,136_1,136_1,136_1,136_1
C2_medmnist,tissuemnist,nsga2,exp1_repeat_1,K,117_1,68.28,230856,21_5,0.508,False,0.998,37_7,0.002,False,117_1,117_1,117_1,21_5
C2_medmnist,tissuemnist,nsga2,exp1_repeat_1,C,117_1,68.28,230856,21_5,4.327,False,0.756,95_16,0.244,False,117_1,95_16,117_1,117_1
C2_medmnist,tissuemnist,nsga2,exp1_repeat_2,A,81_5,69.39,2888040,130_10,1.324,False,1.000,,0.000,False,81_5,81_5,81_5,81_5
C2_medmnist,tissuemnist,nsga2,exp1_repeat_2,K,130_10,68.07,290056,129_10,0.280,False,0.878,80_15,0.074,False,130_10,130_10,130_10,81_5
C2_medmnist,tissuemnist,nsga2,exp1_repeat_2,C,138_10,66.31,72008,129_10,1.920,False,1.000,,0.000,False,129_10,138_10,138_10,138_10
C2_medmnist,tissuemnist,nsga2,exp1_repeat_3,A,149_3,69.88,2329704,26_2,1.595,False,1.000,,0.000,False,149_3,149_3,149_3,149_3
C2_medmnist,tissuemnist,nsga2,exp1_repeat_3,K,26_2,68.29,267432,149_3,0.790,False,0.644,107_4,0.344,True,26_2,26_2,26_2,145_3
C2_medmnist,tissuemnist,nsga2,exp1_repeat_3,C,26_2,68.29,267432,149_3,3.405,False,1.000,,0.000,False,26_2,26_2,26_2,26_2
C2_medmnist,tissuemnist,nsga3,exp1_repeat_1,A,48_18,69.15,2390472,142_8,1.320,False,0.996,142_8,0.004,False,48_18,48_18,48_18,48_18
C2_medmnist,tissuemnist,nsga3,exp1_repeat_1,K,142_8,67.83,191848,97_3,0.029,False,0.484,97_3,0.444,True,142_8,142_8,97_3,142_8
C2_medmnist,tissuemnist,nsga3,exp1_repeat_1,C,138_19,66.62,87176,97_3,2.470,False,1.000,,0.000,False,138_19,138_19,138_19,138_19
C2_medmnist,tissuemnist,nsga3,exp1_repeat_2,A,143_0,68.47,1067624,109_11,0.969,False,0.982,109_11,0.018,False,143_0,143_0,143_0,143_0
C2_medmnist,tissuemnist,nsga3,exp1_repeat_2,K,109_11,67.50,226440,136_15,0.174,False,0.752,136_15,0.244,False,109_11,109_11,109_11,109_11
C2_medmnist,tissuemnist,nsga3,exp1_repeat_2,C,149_7,66.37,87336,136_15,2.898,False,1.000,,0.000,False,149_7,149_7,149_7,149_7
C2_medmnist,tissuemnist,nsga3,exp1_repeat_3,A,39_0,68.69,2591272,101_13,0.474,False,0.846,101_13,0.152,False,39_0,39_0,39_0,39_0
C2_medmnist,tissuemnist,nsga3,exp1_repeat_3,K,101_13,68.22,263144,130_1,0.504,False,0.808,130_1,0.130,False,101_13,101_13,101_13,101_13
C2_medmnist,tissuemnist,nsga3,exp1_repeat_3,C,148_15,67.29,98056,130_1,3.596,False,1.000,,0.000,False,148_15,148_15,148_15,148_15
C2_medmnist,organamnist,moqnas,exp1_repeat_1,A,148_0,98.91,262219,147_11,0.539,False,0.852,147_11,0.116,False,148_0,148_0,148_0,148_0
C2_medmnist,organamnist,moqnas,exp1_repeat_1,K,131_18,98.14,44267,147_11,0.162,False,0.900,149_18,0.090,False,131_18,131_18,131_18,131_18
C2_medmnist,organamnist,moqnas,exp1_repeat_1,C,129_1,94.38,14411,149_18,0.471,False,0.796,149_18,0.204,False,149_18,129_1,129_1,129_1
C2_medmnist,organamnist,moqnas,exp1_repeat_2,A,86_5,98.80,482987,88_6,2.326,False,1.000,,0.000,False,86_5,86_5,86_5,86_5
C2_medmnist,organamnist,moqnas,exp1_repeat_2,K,88_6,96.47,11083,86_5,0.451,False,0.818,130_9,0.182,False,88_6,88_6,88_6,130_9
C2_medmnist,organamnist,moqnas,exp1_repeat_2,C,139_7,94.56,5259,88_6,0.763,False,0.922,88_6,0.078,False,88_6,139_7,139_7,139_7
C2_medmnist,organamnist,moqnas,exp1_repeat_3,A,74_1,98.66,479915,126_2,0.262,True,0.572,126_14,0.226,True,74_1,74_1,74_1,74_1
C2_medmnist,organamnist,moqnas,exp1_repeat_3,K,126_2,98.40,54091,74_1,0.856,False,0.900,126_14,0.100,False,126_2,126_2,126_2,2_0
C2_medmnist,organamnist,moqnas,exp1_repeat_3,C,86_6,96.33,11755,126_2,2.674,False,1.000,,0.000,False,86_6,86_6,86_6,86_6
C2_medmnist,organamnist,nsga2,exp1_repeat_1,A,116_1,98.63,450475,46_14,1.448,False,1.000,,0.000,False,116_1,116_1,116_1,116_1
C2_medmnist,organamnist,nsga2,exp1_repeat_1,K,46_14,97.18,88747,105_10,0.052,False,0.756,105_10,0.244,False,46_14,46_14,105_10,142_10
C2_medmnist,organamnist,nsga2,exp1_repeat_1,C,105_10,96.47,32523,46_14,2.843,False,1.000,,0.000,False,105_10,133_7,105_10,105_10
C2_medmnist,organamnist,nsga2,exp1_repeat_2,A,56_17,98.43,66219,124_3,1.941,False,0.520,44_1,0.480,True,56_17,56_17,56_17,56_17
C2_medmnist,organamnist,nsga2,exp1_repeat_2,K,124_3,96.49,36587,56_17,0.337,False,0.514,56_17,0.484,True,124_3,124_3,124_3,57_11
C2_medmnist,organamnist,nsga2,exp1_repeat_2,C,62_16,95.21,25323,124_3,1.780,False,1.000,,0.000,False,124_3,62_16,62_16,62_16
C2_medmnist,organamnist,nsga2,exp1_repeat_3,A,148_9,98.77,163307,46_0,1.171,False,0.618,136_19,0.380,True,148_9,148_9,148_9,148_9
C2_medmnist,organamnist,nsga2,exp1_repeat_3,K,46_0,97.60,57419,31_16,0.052,False,0.524,148_9,0.352,True,46_0,46_0,46_0,46_0
C2_medmnist,organamnist,nsga2,exp1_repeat_3,C,31_16,96.92,51915,46_0,3.151,False,0.978,145_0,0.022,False,31_16,145_0,31_16,31_16
C2_medmnist,organamnist,nsga3,exp1_repeat_1,A,124_15,98.71,163883,134_17,0.678,False,0.820,44_19,0.110,False,124_15,124_15,124_15,124_15
C2_medmnist,organamnist,nsga3,exp1_repeat_1,K,134_17,98.03,68683,144_1,0.149,False,0.552,144_1,0.356,True,134_17,134_17,134_17,134_17
C2_medmnist,organamnist,nsga3,exp1_repeat_1,C,135_9,96.98,29675,144_1,3.275,False,1.000,,0.000,False,135_9,135_9,135_9,135_9
C2_medmnist,organamnist,nsga3,exp1_repeat_2,A,83_10,98.78,909515,125_0,0.108,True,0.486,125_0,0.360,True,83_10,83_10,83_10,83_10
C2_medmnist,organamnist,nsga3,exp1_repeat_2,K,125_0,98.68,40555,83_10,0.948,False,0.814,124_11,0.112,False,125_0,125_0,125_0,124_11
C2_medmnist,organamnist,nsga3,exp1_repeat_2,C,149_13,96.56,24331,125_0,2.782,False,1.000,,0.000,False,149_13,149_13,149_13,149_13
C2_medmnist,organamnist,nsga3,exp1_repeat_3,A,36_14,98.86,558891,87_3,0.955,False,0.974,87_3,0.018,False,36_14,36_14,36_14,36_14
C2_medmnist,organamnist,nsga3,exp1_repeat_3,K,87_3,97.90,76747,89_16,0.166,False,0.566,89_16,0.294,True,87_3,87_3,87_3,87_3
C2_medmnist,organamnist,nsga3,exp1_repeat_3,C,103_7,97.44,20427,89_16,3.583,False,1.000,,0.000,False,103_7,103_7,103_7,103_7
