case,dataset,algo,run,n_screened,front_size,n_dominated,borderline_out,borderline_in,spearman,kendall,proxy_best_is_A,proxy_reps,proxy_reps_kept,sens_C_3_pp,sens_C_7_pp,sens_K_log,sens_plus_Time_CUDA
C2_medmnist,pathmnist,moqnas,exp1_repeat_1,5,4,1,0,1,1.000,1.000,True,2,2,none,C,K,K
C2_medmnist,pathmnist,moqnas,exp1_repeat_2,5,4,1,1,0,0.900,0.800,True,2,1,C,none,K,K
C2_medmnist,pathmnist,moqnas,exp1_repeat_3,5,5,0,0,2,1.000,1.000,True,2,1,none,none,none,K
C2_medmnist,pathmnist,nsga2,exp1_repeat_1,5,4,1,1,0,1.000,1.000,True,3,3,none,C,none,K
C2_medmnist,pathmnist,nsga2,exp1_repeat_2,5,4,1,0,1,0.900,0.800,True,3,2,none,none,K,K
C2_medmnist,pathmnist,nsga2,exp1_repeat_3,5,5,0,0,1,1.000,1.000,True,3,2,C,C,none,K
C2_medmnist,pathmnist,nsga3,exp1_repeat_1,5,4,1,1,1,0.900,0.800,False,3,2,none,none,none,K
C2_medmnist,pathmnist,nsga3,exp1_repeat_2,5,4,1,1,1,0.900,0.800,True,3,2,C,none,K,none
C2_medmnist,pathmnist,nsga3,exp1_repeat_3,5,5,0,0,2,0.900,0.800,True,2,2,none,none,none,K
C2_medmnist,octmnist,moqnas,exp1_repeat_1,5,4,1,1,1,1.000,1.000,True,3,2,C,none,K,none
C2_medmnist,octmnist,moqnas,exp1_repeat_2,5,5,0,0,1,1.000,1.000,True,2,1,C,none,K,none
C2_medmnist,octmnist,moqnas,exp1_repeat_3,5,4,1,0,0,1.000,1.000,True,3,2,C,none,K,none
C2_medmnist,octmnist,nsga2,exp1_repeat_1,5,4,1,1,2,1.000,1.000,True,3,2,none,none,none,K
C2_medmnist,octmnist,nsga2,exp1_repeat_2,5,4,1,0,1,0.900,0.800,True,3,2,C,none,none,none
C2_medmnist,octmnist,nsga2,exp1_repeat_3,5,5,0,0,1,1.000,1.000,True,3,2,none,none,K,K
C2_medmnist,octmnist,nsga3,exp1_repeat_1,5,5,0,0,2,0.900,0.800,True,3,2,C,none,none,K
C2_medmnist,octmnist,nsga3,exp1_repeat_2,5,5,0,0,2,1.000,1.000,True,3,2,none,none,K,none
C2_medmnist,octmnist,nsga3,exp1_repeat_3,5,5,0,0,3,1.000,1.000,True,3,2,none,none,none,none
C2_medmnist,tissuemnist,moqnas,exp1_repeat_1,5,4,1,0,0,0.900,0.800,True,3,3,C,none,none,K
C2_medmnist,tissuemnist,moqnas,exp1_repeat_2,5,3,2,1,0,0.800,0.600,False,3,1,none,none,none,K
C2_medmnist,tissuemnist,moqnas,exp1_repeat_3,5,4,1,0,0,0.900,0.800,True,3,2,C,none,none,none
C2_medmnist,tissuemnist,nsga2,exp1_repeat_1,5,4,1,0,2,0.700,0.600,True,2,2,none,C,none,K
C2_medmnist,tissuemnist,nsga2,exp1_repeat_2,5,4,1,0,0,0.900,0.800,True,3,2,C,none,none,K
C2_medmnist,tissuemnist,nsga2,exp1_repeat_3,5,3,2,1,0,0.600,0.400,True,3,2,none,none,none,K
C2_medmnist,tissuemnist,nsga3,exp1_repeat_1,5,4,1,0,1,0.600,0.400,True,3,1,none,none,K,none
C2_medmnist,tissuemnist,nsga3,exp1_repeat_2,5,4,1,1,0,0.700,0.600,True,3,2,none,none,none,none
C2_medmnist,tissuemnist,nsga3,exp1_repeat_3,5,4,1,1,1,0.700,0.600,True,3,2,none,none,none,none
C2_medmnist,organamnist,moqnas,exp1_repeat_1,5,5,0,0,1,1.000,1.000,True,3,2,C,none,none,none
C2_medmnist,organamnist,moqnas,exp1_repeat_2,5,3,2,0,0,0.900,0.800,True,3,2,C,none,none,K
C2_medmnist,organamnist,moqnas,exp1_repeat_3,5,3,2,1,1,0.975,0.949,True,3,3,none,none,none,K
C2_medmnist,organamnist,nsga2,exp1_repeat_1,5,4,1,0,0,1.000,1.000,True,2,2,none,C,K,K
C2_medmnist,organamnist,nsga2,exp1_repeat_2,5,3,2,1,0,0.800,0.600,False,3,2,C,none,none,K
C2_medmnist,organamnist,nsga2,exp1_repeat_3,5,4,1,1,0,0.900,0.800,False,3,2,none,C,none,none
C2_medmnist,organamnist,nsga3,exp1_repeat_1,5,4,1,0,0,0.500,0.400,False,3,1,none,none,none,none
C2_medmnist,organamnist,nsga3,exp1_repeat_2,5,3,2,1,1,0.900,0.800,True,3,3,none,none,none,K
C2_medmnist,organamnist,nsga3,exp1_repeat_3,5,4,1,0,2,0.300,0.200,True,3,2,none,none,none,none
