case,dataset,algo,run,rule,id,val_acc,complexity,runner_up,gap,within_noise,stability,noise_alt,noise_alt_freq,alt_confirmed,alt_C_3_pp,alt_C_7_pp,alt_K_log
AF_std_biobj,cifar10,moqnas,moqnas_repeat_1,A,48_5,94.62,536122368,40_5,1.400,False,0.990,40_5,0.010,False,48_5,48_5,48_5
AF_std_biobj,cifar10,moqnas,moqnas_repeat_1,K,40_5,93.22,86098560,75_14,0.059,False,0.990,65_11,0.008,False,40_5,40_5,92_8
AF_std_biobj,cifar10,moqnas,moqnas_repeat_1,C,75_14,91.02,64127296,40_5,1.400,False,0.986,40_5,0.010,False,40_5,92_8,75_14
AF_std_biobj,cifar10,moqnas,moqnas_repeat_1,B50,92_8,88.20,37225088,65_11,2.180,False,1.000,,0.000,False,92_8,92_8,92_8
AF_std_biobj,cifar10,moqnas,moqnas_repeat_1,B100,40_5,93.22,86098560,75_14,2.200,False,1.000,,0.000,False,40_5,40_5,40_5
AF_std_biobj,cifar10,moqnas,moqnas_repeat_1,B250,40_5,93.22,86098560,75_14,2.200,False,0.984,98_12,0.016,False,40_5,40_5,40_5
AF_std_biobj,cifar10,moqnas,moqnas_repeat_1,B500,40_5,93.22,86098560,75_14,2.200,False,0.980,98_12,0.016,False,40_5,40_5,40_5
AF_std_biobj,cifar10,moqnas,moqnas_repeat_2,A,91_14,92.16,80876544,14_2,0.740,False,0.910,14_2,0.052,False,91_14,91_14,91_14
AF_std_biobj,cifar10,moqnas,moqnas_repeat_2,K,30_16,86.08,9109824,7_15,0.039,False,0.972,7_15,0.028,False,30_16,30_16,30_16
AF_std_biobj,cifar10,moqnas,moqnas_repeat_2,C,132_0,89.00,45516032,112_5,1.840,False,0.666,7_15,0.322,True,112_5,30_16,132_0
AF_std_biobj,cifar10,moqnas,moqnas_repeat_2,B50,132_0,89.00,45516032,7_15,2.000,False,1.000,,0.000,False,132_0,132_0,132_0
AF_std_biobj,cifar10,moqnas,moqnas_repeat_2,B100,91_14,92.16,80876544,14_2,0.740,False,0.920,14_2,0.054,False,91_14,91_14,91_14
AF_std_biobj,cifar10,moqnas,moqnas_repeat_2,B250,91_14,92.16,80876544,14_2,0.740,False,0.910,14_2,0.052,False,91_14,91_14,91_14
AF_std_biobj,cifar10,moqnas,moqnas_repeat_2,B500,91_14,92.16,80876544,14_2,0.740,False,0.910,14_2,0.052,False,91_14,91_14,91_14
AF_std_biobj,cifar10,moqnas,moqnas_repeat_3,A,118_2,92.96,134941184,71_3,0.200,True,0.650,71_3,0.340,True,118_2,118_2,118_2
AF_std_biobj,cifar10,moqnas,moqnas_repeat_3,K,93_13,86.14,18186880,11_18,0.032,False,0.834,11_18,0.148,False,93_13,93_13,11_18
AF_std_biobj,cifar10,moqnas,moqnas_repeat_3,C,71_3,92.76,95225088,118_2,4.800,False,0.854,141_18,0.146,False,71_3,93_13,71_3
AF_std_biobj,cifar10,moqnas,moqnas_repeat_3,B50,93_13,86.14,18186880,11_18,0.680,False,0.826,91_9,0.096,False,93_13,93_13,93_13
AF_std_biobj,cifar10,moqnas,moqnas_repeat_3,B100,71_3,92.76,95225088,141_18,5.140,False,1.000,,0.000,False,71_3,71_3,71_3
AF_std_biobj,cifar10,moqnas,moqnas_repeat_3,B250,118_2,92.96,134941184,71_3,0.200,True,0.660,71_3,0.340,True,118_2,118_2,118_2
AF_std_biobj,cifar10,moqnas,moqnas_repeat_3,B500,118_2,92.96,134941184,71_3,0.200,True,0.660,71_3,0.340,True,118_2,118_2,118_2
AF_std_biobj,cifar10,nsga2,nsga2_repeat_1,A,148_11,95.68,448463488,126_15,1.700,False,0.650,74_4,0.176,True,148_11,148_11,148_11
AF_std_biobj,cifar10,nsga2,nsga2_repeat_1,K,126_15,93.98,110119232,128_3,0.023,False,0.738,128_3,0.246,False,126_15,126_15,128_3
AF_std_biobj,cifar10,nsga2,nsga2_repeat_1,C,89_2,91.16,73603392,128_3,0.480,False,0.756,128_3,0.208,False,128_3,129_19,89_2
AF_std_biobj,cifar10,nsga2,nsga2_repeat_1,B50,111_19,89.92,32676160,148_15,1.000,False,0.960,148_15,0.020,False,111_19,111_19,111_19
AF_std_biobj,cifar10,nsga2,nsga2_repeat_1,B100,128_3,93.26,91235648,89_2,2.100,False,1.000,,0.000,False,128_3,128_3,128_3
AF_std_biobj,cifar10,nsga2,nsga2_repeat_1,B250,126_15,93.98,110119232,128_3,0.720,False,0.468,86_13,0.434,True,126_15,126_15,126_15
AF_std_biobj,cifar10,nsga2,nsga2_repeat_1,B500,148_11,95.68,448463488,126_15,1.700,False,0.758,74_4,0.242,False,148_11,148_11,148_11
AF_std_biobj,cifar10,nsga2,nsga2_repeat_2,A,65_18,94.30,270958912,115_9,0.760,False,0.912,115_9,0.052,False,65_18,65_18,65_18
AF_std_biobj,cifar10,nsga2,nsga2_repeat_2,K,143_8,92.34,66685248,124_14,0.014,False,0.594,124_14,0.252,True,143_8,143_8,88_5
AF_std_biobj,cifar10,nsga2,nsga2_repeat_2,C,117_5,89.92,34698560,88_5,0.620,False,0.700,141_2,0.174,False,143_8,104_6,117_5
AF_std_biobj,cifar10,nsga2,nsga2_repeat_2,B50,147_8,90.92,43161920,88_5,0.040,True,0.564,88_5,0.432,True,147_8,147_8,147_8
AF_std_biobj,cifar10,nsga2,nsga2_repeat_2,B100,137_16,92.88,96543360,124_14,0.500,False,0.734,124_14,0.136,False,137_16,137_16,137_16
AF_std_biobj,cifar10,nsga2,nsga2_repeat_2,B250,115_9,93.54,132015424,144_3,0.080,True,0.502,144_3,0.358,True,115_9,115_9,115_9
AF_std_biobj,cifar10,nsga2,nsga2_repeat_2,B500,65_18,94.30,270958912,115_9,0.760,False,0.912,115_9,0.052,False,65_18,65_18,65_18
AF_std_biobj,cifar10,nsga2,nsga2_repeat_3,A,112_1,93.78,423264896,127_1,0.420,False,0.770,127_1,0.218,False,112_1,112_1,112_1
AF_std_biobj,cifar10,nsga2,nsga2_repeat_3,K,129_16,90.64,43844224,148_5,0.003,False,0.342,148_5,0.216,True,129_16,129_16,107_7
AF_std_biobj,cifar10,nsga2,nsga2_repeat_3,C,136_3,89.14,22446720,113_9,0.360,True,0.702,113_9,0.256,False,148_5,107_7,136_3
AF_std_biobj,cifar10,nsga2,nsga2_repeat_3,B50,129_16,90.64,43844224,113_9,0.260,True,0.722,113_9,0.278,False,129_16,129_16,129_16
AF_std_biobj,cifar10,nsga2,nsga2_repeat_3,B100,93_10,91.80,78709376,148_5,0.460,False,0.802,148_5,0.188,False,93_10,93_10,93_10
AF_std_biobj,cifar10,nsga2,nsga2_repeat_3,B250,127_1,93.36,159023744,137_4,0.700,False,0.858,137_4,0.072,False,127_1,127_1,127_1
AF_std_biobj,cifar10,nsga2,nsga2_repeat_3,B500,112_1,93.78,423264896,127_1,0.420,False,0.770,127_1,0.218,False,112_1,112_1,112_1
AF_std_biobj,cifar10,nsga3,nsga3_repeat_1,A,120_18,93.98,104910144,97_8,0.880,False,0.566,114_2,0.352,True,120_18,120_18,120_18
AF_std_biobj,cifar10,nsga3,nsga3_repeat_1,K,112_13,89.74,25014912,129_3,0.027,False,0.620,129_3,0.360,True,112_13,112_13,112_13
AF_std_biobj,cifar10,nsga3,nsga3_repeat_1,C,112_13,89.74,25014912,129_3,0.760,False,0.692,116_4,0.156,True,129_3,124_16,112_13
AF_std_biobj,cifar10,nsga3,nsga3_repeat_1,B50,129_3,92.30,48448832,112_13,2.560,False,1.000,,0.000,False,129_3,129_3,129_3
AF_std_biobj,cifar10,nsga3,nsga3_repeat_1,B100,97_8,93.10,94547264,141_5,0.400,False,0.706,141_5,0.204,False,97_8,97_8,97_8
AF_std_biobj,cifar10,nsga3,nsga3_repeat_1,B250,120_18,93.98,104910144,97_8,0.880,False,0.566,114_2,0.352,True,120_18,120_18,120_18
AF_std_biobj,cifar10,nsga3,nsga3_repeat_1,B500,120_18,93.98,104910144,97_8,0.880,False,0.566,114_2,0.352,True,120_18,120_18,120_18
AF_std_biobj,cifar10,nsga3,nsga3_repeat_2,A,29_13,92.68,231737856,102_9,0.300,True,0.672,102_9,0.274,True,29_13,29_13,29_13
AF_std_biobj,cifar10,nsga3,nsga3_repeat_2,K,58_7,90.30,27331072,83_2,0.024,False,0.664,83_2,0.282,True,58_7,58_7,83_2
AF_std_biobj,cifar10,nsga3,nsga3_repeat_2,C,83_2,89.86,20843008,58_7,2.180,False,1.000,,0.000,False,83_2,108_0,83_2
AF_std_biobj,cifar10,nsga3,nsga3_repeat_2,B50,58_7,90.30,27331072,83_2,0.440,False,0.758,83_2,0.184,False,58_7,58_7,58_7
AF_std_biobj,cifar10,nsga3,nsga3_repeat_2,B100,58_7,90.30,27331072,83_2,0.440,False,0.758,83_2,0.184,False,58_7,58_7,58_7
AF_std_biobj,cifar10,nsga3,nsga3_repeat_2,B250,29_13,92.68,231737856,102_9,0.300,True,0.672,102_9,0.274,True,29_13,29_13,29_13
AF_std_biobj,cifar10,nsga3,nsga3_repeat_2,B500,29_13,92.68,231737856,102_9,0.300,True,0.672,102_9,0.274,True,29_13,29_13,29_13
AF_std_biobj,cifar10,nsga3,nsga3_repeat_3,A,98_5,94.94,390005376,129_16,0.500,False,0.720,129_16,0.142,False,98_5,98_5,98_5
AF_std_biobj,cifar10,nsga3,nsga3_repeat_3,K,147_19,92.30,65602176,122_18,0.007,False,0.362,122_18,0.244,True,147_19,147_19,115_18
AF_std_biobj,cifar10,nsga3,nsga3_repeat_3,C,115_18,90.28,18432320,149_4,0.340,True,0.742,149_4,0.182,False,147_19,115_18,115_18
AF_std_biobj,cifar10,nsga3,nsga3_repeat_3,B50,149_4,91.06,40469120,115_18,0.780,False,0.936,115_18,0.058,False,149_4,149_4,149_4
AF_std_biobj,cifar10,nsga3,nsga3_repeat_3,B100,127_1,93.20,93225280,147_19,0.900,False,0.922,80_8,0.040,False,127_1,127_1,127_1
AF_std_biobj,cifar10,nsga3,nsga3_repeat_3,B250,129_16,94.44,223445632,97_0,0.120,True,0.562,97_0,0.374,True,129_16,129_16,129_16
AF_std_biobj,cifar10,nsga3,nsga3_repeat_3,B500,98_5,94.94,390005376,129_16,0.500,False,0.720,129_16,0.142,False,98_5,98_5,98_5
